Year,Avg
2018,412.8062422350217
2019,474.81728362804984
2020,438.8297314846743
2021,457.4085468030976
2022,471.4595865239346
2023,470.3975039051975
2024,485.4548382928831
2025,457.61340200681184
