Year,Avg
2018,199.30874671245806
2019,166.09352783159417
2020,139.91474810370286
2021,173.89790759055626
2022,171.9913171815919
2023,166.98171031079096
2024,155.75530079739553
2025,161.94473319590918
