Year,Avg
2018,188.17591812408082
2019,166.51537932692395
2020,97.75381912880371
2021,164.09615102722202
2022,130.82520334993006
2023,144.28777838549414
2024,176.45352019394244
2025,165.1135102389294
